50,10,2,0.9798,0.0200081765602612,0.0202
80,10,2,0.987,0.0125614083279776,0.013
110,10,2,0.99,0.00955725180589855,0.01
140,10,2,0.991642857142858,0.00750101193061832,0.00835714285714286
170,10,2,0.992117647058823,0.00646284941681256,0.00788235294117647
200,10,2,0.99215,0.00597175579045553,0.00785
230,10,2,0.990217391304348,0.00540096981253701,0.00978260869565217
260,10,2,0.988115384615384,0.00549511281705507,0.0118846153846154
290,10,2,0.981965517241379,0.00582705592794538,0.0180344827586207
300,10,2,0.965233333333333,0.00833144571649536,0.0347666666666667
50,12.2222222222222,2,0.9784,0.0205412300508264,0.0216
80,12.2222222222222,2,0.9855,0.0130027849197433,0.0145
110,12.2222222222222,2,0.987727272727273,0.00989180241475927,0.0122727272727273
140,12.2222222222222,2,0.989714285714286,0.00810101935242624,0.0102857142857143
170,12.2222222222222,2,0.989941176470588,0.0071738025708174,0.0100588235294118
200,12.2222222222222,2,0.9841,0.00731217845646373,0.0159
230,12.2222222222222,2,0.963130434782609,0.0101651691950058,0.0368695652173913
260,12.2222222222222,2,0.891615384615385,0.0170649487625024,0.108384615384615
290,12.2222222222222,2,0.764862068965517,0.0279650172695862,0.235137931034483
300,12.2222222222222,2,0.674433333333333,0.0355454727524072,0.325566666666667
50,14.4444444444444,2,0.9772,0.0210493100232735,0.0228
80,14.4444444444444,2,0.977875,0.0154239834970891,0.022125
110,14.4444444444444,2,0.983181818181818,0.0111806926258167,0.0168181818181818
140,14.4444444444444,2,0.977928571428572,0.0106661635127491,0.0220714285714286
170,14.4444444444444,2,0.955882352941176,0.013100740010312,0.0441176470588235
200,14.4444444444444,2,0.89265,0.0174294860264232,0.10735
230,14.4444444444444,2,0.760695652173913,0.0305492349822612,0.239304347826087
260,14.4444444444444,2,0.501192307692308,0.0580484298014225,0.498807692307692
290,14.4444444444444,2,0.407931034482759,0.0724373652124068,0.592068965517241
300,14.4444444444444,2,0.376166666666667,0.0830585535962992,0.623833333333333
50,16.6666666666667,2,0.9722,0.0226587911276909,0.0278
80,16.6666666666667,2,0.97375,0.0167038172508696,0.02625
110,16.6666666666667,2,0.963272727272727,0.0149337662591838,0.0367272727272727
140,16.6666666666667,2,0.906857142857143,0.0195945653067863,0.0931428571428571
170,16.6666666666667,2,0.718705882352941,0.0365503971029239,0.281294117647059
200,16.6666666666667,2,0.5119,0.0639572445598318,0.4881
230,16.6666666666667,2,0.311217391304348,0.0981496744403988,0.688782608695652
260,16.6666666666667,2,0.270076923076923,0.113808499280173,0.729923076923077
290,16.6666666666667,2,0.166448275862069,0.143030049619747,0.833551724137931
300,16.6666666666667,2,0.164433333333333,0.141277770405223,0.835566666666667
50,18.8888888888889,2,0.9618,0.0257653354473814,0.0382
80,18.8888888888889,2,0.950625,0.0215761981776697,0.049375
110,18.8888888888889,2,0.841363636363636,0.0310002793349147,0.158636363636364
140,18.8888888888889,2,0.588928571428571,0.0580598821323571,0.411071428571429
170,18.8888888888889,2,0.334705882352941,0.103542095209344,0.665294117647059
200,18.8888888888889,2,0.20705,0.132982947208456,0.79295
230,18.8888888888889,2,0.107217391304348,0.160904671291399,0.892782608695652
260,18.8888888888889,2,0.0752307692307692,0.183167653313792,0.924769230769231
290,18.8888888888889,2,0.0435862068965517,0.202995099912131,0.956413793103448
300,18.8888888888889,2,0.0592,0.198047313786549,0.9408
50,21.1111111111111,2,0.9306,0.0308743445695812,0.0694
80,21.1111111111111,2,0.83,0.036054044130305,0.17
110,21.1111111111111,2,0.444545454545455,0.0821923075360788,0.555454545454545
140,21.1111111111111,2,0.274642857142857,0.121502238213433,0.725357142857143
170,21.1111111111111,2,0.108647058823529,0.170746591322831,0.89135294117647
200,21.1111111111111,2,0.07245,0.192185200721918,0.92755
230,21.1111111111111,2,0.0340434782608696,0.219481815760328,0.965956521739131
260,21.1111111111111,2,0.0364230769230769,0.225764661035138,0.963576923076923
290,21.1111111111111,2,0.0219655172413793,0.248985478342814,0.978034482758621
300,21.1111111111111,2,0.0200666666666667,0.249383358898457,0.979933333333333
50,23.3333333333333,2,0.879,0.0389851041301636,0.121
80,23.3333333333333,2,0.552875,0.0757552132591788,0.447125
110,23.3333333333333,2,0.253727272727273,0.131174913793624,0.746272727272727
140,23.3333333333333,2,0.137214285714286,0.17986411626317,0.862785714285714
170,23.3333333333333,2,0.0597647058823529,0.214526153800384,0.940235294117647
200,23.3333333333333,2,0.02715,0.247814898228965,0.97285
230,23.3333333333333,2,0.0103478260869565,0.257066918138343,0.989652173913044
260,23.3333333333333,2,0.0158461538461538,0.276394492851348,0.984153846153846
290,23.3333333333333,2,0.00348275862068965,0.293364087027171,0.99651724137931
300,23.3333333333333,2,0.00333333333333333,0.296579338070673,0.996666666666667
50,25.5555555555556,2,0.8174,0.0485018836286873,0.1826
80,25.5555555555556,2,0.402125,0.109543124877967,0.597875
110,25.5555555555556,2,0.153090909090909,0.180460164992568,0.846909090909091
140,25.5555555555556,2,0.0469285714285714,0.229772419316938,0.953071428571428
170,25.5555555555556,2,0.0324117647058823,0.253911281381632,0.967588235294118
200,25.5555555555556,2,0.00605,0.283108220969047,0.99395
230,25.5555555555556,2,0.00369565217391304,0.299038362297386,0.996304347826087
260,25.5555555555556,2,0.002,0.31592717387834,0.998
290,25.5555555555556,2,0.00113793103448276,0.333811319890977,0.998862068965517
300,25.5555555555556,2,0.0008,0.340711350925961,0.9992
50,27.7777777777778,2,0.626,0.0742105288000604,0.374
80,27.7777777777778,2,0.151125,0.180940846125071,0.848875
110,27.7777777777778,2,0.0899090909090909,0.222558349375991,0.910090909090909
140,27.7777777777778,2,0.0426428571428571,0.265718290787038,0.957357142857143
170,27.7777777777778,2,0.00523529411764706,0.295414638837038,0.994764705882353
200,27.7777777777778,2,0.00205,0.314035384997809,0.99795
230,27.7777777777778,2,0.0011304347826087,0.337169559502099,0.998869565217391
260,27.7777777777778,2,0.000423076923076923,0.345972119011131,0.999576923076923
290,27.7777777777778,2,0.000413793103448276,0.367545161066775,0.999586206896552
300,27.7777777777778,2,0.000266666666666667,0.373558490724186,0.999733333333333
50,30,2,0.4296,0.122613475670853,0.5704
80,30,2,0.069875,0.215701825495175,0.930125
110,30,2,0.0639090909090909,0.25400869234457,0.936090909090909
140,30,2,0.00585714285714286,0.29822378074338,0.994142857142857
170,30,2,0.00182352941176471,0.325395247321464,0.998176470588235
200,30,2,0.00075,0.343845374085783,0.99925
230,30,2,0.000304347826086956,0.364155888951583,0.999695652173913
260,30,2,7.69230769230769e-05,0.373298859839502,0.999923076923077
290,30,2,3.44827586206897e-05,0.397970490581716,0.999965517241379
300,30,2,3.33333333333333e-05,0.401138172415933,0.999966666666667
50,10,2.11111111111111,0.7594,0.0556567524892391,0.2406
80,10,2.11111111111111,0.438875,0.0834422403794181,0.561125
110,10,2.11111111111111,0.242272727272727,0.117392553168749,0.757727272727273
140,10,2.11111111111111,0.126,0.144080360864977,0.874
170,10,2.11111111111111,0.112058823529412,0.169992716937301,0.887941176470588
200,10,2.11111111111111,0.04425,0.20531172506562,0.95575
230,10,2.11111111111111,0.0208260869565217,0.2429055929581,0.979173913043478
260,10,2.11111111111111,0.00957692307692308,0.28164019904837,0.990423076923077
290,10,2.11111111111111,0.00375862068965517,0.334146603850053,0.996241379310345
300,10,2.11111111111111,0.00173333333333333,0.350085313515112,0.998266666666667
50,12.2222222222222,2.11111111111111,0.55,0.0833236227328591,0.45
80,12.2222222222222,2.11111111111111,0.234125,0.131813251193549,0.765875
110,12.2222222222222,2.11111111111111,0.116090909090909,0.164237504006839,0.883909090909091
140,12.2222222222222,2.11111111111111,0.0617142857142857,0.190026649181201,0.938285714285714
170,12.2222222222222,2.11111111111111,0.0325882352941176,0.213479186540926,0.967411764705882
200,12.2222222222222,2.11111111111111,0.01445,0.257328397681076,0.98555
230,12.2222222222222,2.11111111111111,0.00830434782608696,0.292333510082007,0.991695652173913
260,12.2222222222222,2.11111111111111,0.00323076923076923,0.326368303318996,0.996769230769231
290,12.2222222222222,2.11111111111111,0.00131034482758621,0.368071144962201,0.998689655172414
300,12.2222222222222,2.11111111111111,0.000733333333333333,0.393212206585031,0.999266666666667
50,14.4444444444444,2.11111111111111,0.4482,0.105268343644011,0.5518
80,14.4444444444444,2.11111111111111,0.133375,0.173034502188503,0.866625
110,14.4444444444444,2.11111111111111,0.0453636363636364,0.206450151052288,0.954636363636364
140,14.4444444444444,2.11111111111111,0.0236428571428571,0.23371236418906,0.976357142857143
170,14.4444444444444,2.11111111111111,0.0201764705882353,0.261009300855631,0.979823529411765
200,14.4444444444444,2.11111111111111,0.00665,0.298034044141119,0.99335
230,14.4444444444444,2.11111111111111,0.00252173913043478,0.32562547145596,0.997478260869565
260,14.4444444444444,2.11111111111111,0.000615384615384615,0.366524463295818,0.999384615384615
290,14.4444444444444,2.11111111111111,0.000310344827586207,0.405170328324021,0.999689655172414
300,14.4444444444444,2.11111111111111,0.0003,0.424652139293884,0.9997
50,16.6666666666667,2.11111111111111,0.3148,0.140369327395202,0.6852
80,16.6666666666667,2.11111111111111,0.0855,0.202107053266582,0.9145
110,16.6666666666667,2.11111111111111,0.0234545454545455,0.246810332320644,0.976545454545454
140,16.6666666666667,2.11111111111111,0.0208571428571429,0.273595433847412,0.979142857142857
170,16.6666666666667,2.11111111111111,0.00535294117647059,0.295830107713936,0.994647058823529
200,16.6666666666667,2.11111111111111,0.0024,0.333010831671658,0.9976
230,16.6666666666667,2.11111111111111,0.000652173913043478,0.364327585533771,0.999347826086957
260,16.6666666666667,2.11111111111111,0.000192307692307692,0.397974315624909,0.999807692307692
290,16.6666666666667,2.11111111111111,0.000137931034482759,0.442470063600442,0.999862068965517
300,16.6666666666667,2.11111111111111,6.66666666666667e-05,0.454412292165812,0.999933333333333
50,18.8888888888889,2.11111111111111,0.2172,0.170684888395763,0.7828
80,18.8888888888889,2.11111111111111,0.025375,0.249600328578019,0.974625
110,18.8888888888889,2.11111111111111,0.00872727272727273,0.280732662965263,0.991272727272727
140,18.8888888888889,2.11111111111111,0.00585714285714286,0.302606106757312,0.994142857142857
170,18.8888888888889,2.11111111111111,0.002,0.335383264836997,0.998
200,18.8888888888889,2.11111111111111,0.00055,0.361144753632262,0.99945
230,18.8888888888889,2.11111111111111,8.69565217391304e-05,0.386221451080718,0.999913043478261
260,18.8888888888889,2.11111111111111,7.69230769230769e-05,0.427147248833279,0.999923076923077
290,18.8888888888889,2.11111111111111,3.44827586206897e-05,0.461976692662514,0.999965517241379
300,18.8888888888889,2.11111111111111,3.33333333333333e-05,0.471583864835265,0.999966666666667
50,21.1111111111111,2.11111111111111,0.1272,0.210381906351521,0.8728
80,21.1111111111111,2.11111111111111,0.0125,0.279742480405267,0.9875
110,21.1111111111111,2.11111111111111,0.00581818181818182,0.304946178048875,0.994181818181818
140,21.1111111111111,2.11111111111111,0.00157142857142857,0.33676557236176,0.998428571428572
170,21.1111111111111,2.11111111111111,0.00105882352941176,0.363781850196067,0.998941176470588
200,21.1111111111111,2.11111111111111,0.00035,0.387150161385884,0.99965
230,21.1111111111111,2.11111111111111,0,0.417074602908382,1
260,21.1111111111111,2.11111111111111,0,0.443964398849502,1
290,21.1111111111111,2.11111111111111,0,0.484365148541781,1
300,21.1111111111111,2.11111111111111,0,0.498173806037381,1
50,23.3333333333333,2.11111111111111,0.111,0.233610962750394,0.889
80,23.3333333333333,2.11111111111111,0.02725,0.292838793331474,0.97275
110,23.3333333333333,2.11111111111111,0.00181818181818182,0.338480421589037,0.998181818181818
140,23.3333333333333,2.11111111111111,0.0107857142857143,0.3612029926237,0.989214285714286
170,23.3333333333333,2.11111111111111,0.000294117647058824,0.385408984593401,0.999705882352941
200,23.3333333333333,2.11111111111111,5e-05,0.410732472995629,0.99995
230,23.3333333333333,2.11111111111111,4.34782608695652e-05,0.444332829228817,0.99995652173913
260,23.3333333333333,2.11111111111111,0,0.472566630689624,1
290,23.3333333333333,2.11111111111111,0,0.509895435072604,1
300,23.3333333333333,2.11111111111111,0,0.51890928668748,1
50,25.5555555555556,2.11111111111111,0.1068,0.247186593408919,0.8932
80,25.5555555555556,2.11111111111111,0.005625,0.319626863477488,0.994375
110,25.5555555555556,2.11111111111111,0.00127272727272727,0.363677731930756,0.998727272727273
140,25.5555555555556,2.11111111111111,0.000285714285714286,0.384765277698292,0.999714285714286
170,25.5555555555556,2.11111111111111,0,0.410607007880806,1
200,25.5555555555556,2.11111111111111,0,0.431261708956888,1
230,25.5555555555556,2.11111111111111,0,0.452834984017982,1
260,25.5555555555556,2.11111111111111,0,0.482417219728892,1
290,25.5555555555556,2.11111111111111,0,0.525130980507627,1
300,25.5555555555556,2.11111111111111,0,0.535312294758955,1
50,27.7777777777778,2.11111111111111,0.0486,0.287179474952767,0.9514
80,27.7777777777778,2.11111111111111,0.002375,0.350996593204991,0.997625
110,27.7777777777778,2.11111111111111,0.000181818181818182,0.376225323541671,0.999818181818182
140,27.7777777777778,2.11111111111111,7.14285714285714e-05,0.399573168913792,0.999928571428571
170,27.7777777777778,2.11111111111111,0,0.42125036120883,1
200,27.7777777777778,2.11111111111111,0,0.445626536722528,1
230,27.7777777777778,2.11111111111111,0,0.47535250004596,1
260,27.7777777777778,2.11111111111111,0,0.504493089364514,1
290,27.7777777777778,2.11111111111111,0,0.537022580586024,1
300,27.7777777777778,2.11111111111111,0,0.544514980181581,1
50,30,2.11111111111111,0.026,0.308294924631365,0.974
80,30,2.11111111111111,0.001375,0.364822320942033,0.998625
110,30,2.11111111111111,0.000272727272727273,0.391149667401889,0.999727272727273
140,30,2.11111111111111,0,0.4253745885135,1
170,30,2.11111111111111,0,0.438997637395856,1
200,30,2.11111111111111,0,0.463697678749812,1
230,30,2.11111111111111,0,0.48598560365906,1
260,30,2.11111111111111,0,0.51294204876643,1
290,30,2.11111111111111,0,0.548471502692311,1
300,30,2.11111111111111,0,0.560691114206313,1
50,10,2.22222222222222,0.6712,0.0654936522591999,0.3288
80,10,2.22222222222222,0.303875,0.10292246581152,0.696125
110,10,2.22222222222222,0.176636363636364,0.137587340091803,0.823363636363636
140,10,2.22222222222222,0.0877142857142857,0.177223039809493,0.912285714285714
170,10,2.22222222222222,0.04,0.217040594128957,0.96
200,10,2.22222222222222,0.0155,0.264327370170681,0.9845
230,10,2.22222222222222,0.00534782608695652,0.322593866487344,0.994652173913044
260,10,2.22222222222222,0.00134615384615385,0.38462101043829,0.998653846153846
290,10,2.22222222222222,0.000310344827586207,0.436671529898562,0.999689655172414
300,10,2.22222222222222,0.000366666666666667,0.454529791570782,0.999633333333333
50,12.2222222222222,2.22222222222222,0.5272,0.0960689548944775,0.4728
80,12.2222222222222,2.22222222222222,0.1565,0.155226260755708,0.8435
110,12.2222222222222,2.22222222222222,0.0875454545454545,0.185327267466364,0.912454545454545
140,12.2222222222222,2.22222222222222,0.031,0.230081872637625,0.969
170,12.2222222222222,2.22222222222222,0.0164117647058824,0.257396238975734,0.983588235294118
200,12.2222222222222,2.22222222222222,0.0047,0.309985510543761,0.9953
230,12.2222222222222,2.22222222222222,0.002,0.360537575891823,0.998
260,12.2222222222222,2.22222222222222,0.000538461538461538,0.413650749764781,0.999461538461538
290,12.2222222222222,2.22222222222222,6.89655172413793e-05,0.478260903305621,0.999931034482759
300,12.2222222222222,2.22222222222222,6.66666666666667e-05,0.49277610099709,0.999933333333333
50,14.4444444444444,2.22222222222222,0.2886,0.143215490228197,0.7114
80,14.4444444444444,2.22222222222222,0.0915,0.196590423334306,0.9085
110,14.4444444444444,2.22222222222222,0.0397272727272727,0.232554839691196,0.960272727272727
140,14.4444444444444,2.22222222222222,0.0131428571428571,0.269353341584482,0.986857142857143
170,14.4444444444444,2.22222222222222,0.00388235294117647,0.302136681836412,0.996117647058823
200,14.4444444444444,2.22222222222222,0.00205,0.349065131564681,0.99795
230,14.4444444444444,2.22222222222222,0.000652173913043478,0.389977030606819,0.999347826086957
260,14.4444444444444,2.22222222222222,0.000153846153846154,0.439282823363416,0.999846153846154
290,14.4444444444444,2.22222222222222,3.44827586206897e-05,0.498615797907951,0.999965517241379
300,14.4444444444444,2.22222222222222,3.33333333333333e-05,0.521583966373924,0.999966666666667
50,16.6666666666667,2.22222222222222,0.1954,0.173017348267756,0.8046
80,16.6666666666667,2.22222222222222,0.04325,0.232123371061494,0.95675
110,16.6666666666667,2.22222222222222,0.0151818181818182,0.269426842458821,0.984818181818182
140,16.6666666666667,2.22222222222222,0.00421428571428571,0.298577915922827,0.995785714285714
170,16.6666666666667,2.22222222222222,0.00194117647058824,0.34485436772236,0.998058823529412
200,16.6666666666667,2.22222222222222,0.0007,0.378988454900362,0.9993
230,16.6666666666667,2.22222222222222,0.000260869565217391,0.420531274412062,0.999739130434783
260,16.6666666666667,2.22222222222222,3.84615384615385e-05,0.472672919292443,0.999961538461538
290,16.6666666666667,2.22222222222222,0,0.530436346195403,1
300,16.6666666666667,2.22222222222222,0,0.537408633995568,1
50,18.8888888888889,2.22222222222222,0.1236,0.211377529710516,0.8764
80,18.8888888888889,2.22222222222222,0.02625,0.272086781035774,0.97375
110,18.8888888888889,2.22222222222222,0.005,0.301742261641355,0.995
140,18.8888888888889,2.22222222222222,0.00271428571428571,0.332715709314484,0.997285714285714
170,18.8888888888889,2.22222222222222,0.000823529411764706,0.371402844084745,0.999176470588235
200,18.8888888888889,2.22222222222222,0,0.410103282103075,1
230,18.8888888888889,2.22222222222222,0,0.44704978592975,1
260,18.8888888888889,2.22222222222222,0,0.493255685364212,1
290,18.8888888888889,2.22222222222222,0,0.544627946544907,1
300,18.8888888888889,2.22222222222222,0,0.552300784326259,1
50,21.1111111111111,2.22222222222222,0.0806,0.241557068237824,0.9194
80,21.1111111111111,2.22222222222222,0.007875,0.301252950720274,0.992125
110,21.1111111111111,2.22222222222222,0.00254545454545455,0.337235071251691,0.997454545454545
140,21.1111111111111,2.22222222222222,0.000285714285714286,0.371274305786636,0.999714285714286
170,21.1111111111111,2.22222222222222,5.88235294117647e-05,0.394747119796897,0.999941176470588
200,21.1111111111111,2.22222222222222,5e-05,0.430660879006593,0.99995
230,21.1111111111111,2.22222222222222,0,0.471441340457288,1
260,21.1111111111111,2.22222222222222,0,0.516142006813988,1
290,21.1111111111111,2.22222222222222,0,0.5539386501886,1
300,21.1111111111111,2.22222222222222,0,0.569817263119519,1
50,23.3333333333333,2.22222222222222,0.0574,0.268233111815269,0.9426
80,23.3333333333333,2.22222222222222,0.00425,0.329644303149163,0.99575
110,23.3333333333333,2.22222222222222,0.00145454545454545,0.359109088501572,0.998545454545455
140,23.3333333333333,2.22222222222222,0.000142857142857143,0.391289217867431,0.999857142857143
170,23.3333333333333,2.22222222222222,0.000117647058823529,0.423239111357788,0.999882352941177
200,23.3333333333333,2.22222222222222,0,0.445243581766738,1
230,23.3333333333333,2.22222222222222,0,0.488281100016605,1
260,23.3333333333333,2.22222222222222,0,0.529614314224056,1
290,23.3333333333333,2.22222222222222,0,0.569236112302737,1
300,23.3333333333333,2.22222222222222,0,0.583841507491544,1
50,25.5555555555556,2.22222222222222,0.0346,0.280405904061503,0.9654
80,25.5555555555556,2.22222222222222,0.00325,0.347380969767473,0.99675
110,25.5555555555556,2.22222222222222,0.000545454545454545,0.38070254245514,0.999454545454546
140,25.5555555555556,2.22222222222222,0.000142857142857143,0.408646455979425,0.999857142857143
170,25.5555555555556,2.22222222222222,0,0.440779509725476,1
200,25.5555555555556,2.22222222222222,0,0.472356384172556,1
230,25.5555555555556,2.22222222222222,0,0.499831243354581,1
260,25.5555555555556,2.22222222222222,0,0.544952583653047,1
290,25.5555555555556,2.22222222222222,0,0.579456966992708,1
300,25.5555555555556,2.22222222222222,0,0.598140771145168,1
50,27.7777777777778,2.22222222222222,0.0318,0.30352795987671,0.9682
80,27.7777777777778,2.22222222222222,0.001,0.362059726959762,0.999
110,27.7777777777778,2.22222222222222,9.09090909090909e-05,0.403564195808537,0.999909090909091
140,27.7777777777778,2.22222222222222,0.000142857142857143,0.427147116752214,0.999857142857143
170,27.7777777777778,2.22222222222222,0,0.454826811773912,1
200,27.7777777777778,2.22222222222222,5e-05,0.483839501909045,0.99995
230,27.7777777777778,2.22222222222222,0,0.516583825897268,1
260,27.7777777777778,2.22222222222222,0,0.550692735852482,1
290,27.7777777777778,2.22222222222222,0,0.600304044254974,1
300,27.7777777777778,2.22222222222222,0,0.60792911526261,1
50,30,2.22222222222222,0.0174,0.332154561245532,0.9826
80,30,2.22222222222222,0.0005,0.386682316434235,0.9995
110,30,2.22222222222222,0,0.423298553182766,1
140,30,2.22222222222222,0,0.446049750779158,1
170,30,2.22222222222222,0,0.465499669101029,1
200,30,2.22222222222222,0,0.496247675325864,1
230,30,2.22222222222222,0,0.533366725661914,1
260,30,2.22222222222222,0,0.563911775453751,1
290,30,2.22222222222222,0,0.601804144476805,1
300,30,2.22222222222222,0,0.612100212848895,1
50,10,2.33333333333333,0.5618,0.0815260102044201,0.4382
80,10,2.33333333333333,0.2785,0.117773536055284,0.7215
110,10,2.33333333333333,0.125454545454545,0.15413461440295,0.874545454545454
140,10,2.33333333333333,0.0654285714285714,0.190589836030231,0.934571428571429
170,10,2.33333333333333,0.0287647058823529,0.248972447199239,0.971235294117647
200,10,2.33333333333333,0.0097,0.305959914860657,0.9903
230,10,2.33333333333333,0.00369565217391304,0.354959363189589,0.996304347826087
260,10,2.33333333333333,0.000615384615384615,0.420188062074922,0.999384615384615
290,10,2.33333333333333,0.000103448275862069,0.496750070922158,0.999896551724138
300,10,2.33333333333333,0.0001,0.503282766672943,0.9999
50,12.2222222222222,2.33333333333333,0.4592,0.103767625610399,0.5408
80,12.2222222222222,2.33333333333333,0.189625,0.154045180022128,0.810375
110,12.2222222222222,2.33333333333333,0.0674545454545454,0.200797997582341,0.932545454545454
140,12.2222222222222,2.33333333333333,0.0285,0.241782008510713,0.9715
170,12.2222222222222,2.33333333333333,0.0101764705882353,0.289338745624732,0.989823529411764
200,12.2222222222222,2.33333333333333,0.00305,0.337799292847435,0.99695
230,12.2222222222222,2.33333333333333,0.000565217391304348,0.402733858997997,0.999434782608696
260,12.2222222222222,2.33333333333333,0.000153846153846154,0.460413817156273,0.999846153846154
290,12.2222222222222,2.33333333333333,3.44827586206897e-05,0.518651506833915,0.999965517241379
300,12.2222222222222,2.33333333333333,0,0.551508524072787,1
50,14.4444444444444,2.33333333333333,0.2542,0.156270987077161,0.7458
80,14.4444444444444,2.33333333333333,0.075125,0.210816223431237,0.924875
110,14.4444444444444,2.33333333333333,0.0324545454545455,0.249466352303345,0.967545454545454
140,14.4444444444444,2.33333333333333,0.0109285714285714,0.291147370841128,0.989071428571429
170,14.4444444444444,2.33333333333333,0.00423529411764706,0.32989940332707,0.995764705882353
200,14.4444444444444,2.33333333333333,0.00125,0.372928872183959,0.99875
230,14.4444444444444,2.33333333333333,0.000652173913043478,0.428867521833902,0.999347826086957
260,14.4444444444444,2.33333333333333,3.84615384615385e-05,0.489689415681481,0.999961538461538
290,14.4444444444444,2.33333333333333,3.44827586206897e-05,0.547357052711081,0.999965517241379
300,14.4444444444444,2.33333333333333,0,0.565172462662556,1
50,16.6666666666667,2.33333333333333,0.155,0.189336583283308,0.845
80,16.6666666666667,2.33333333333333,0.027375,0.24833611518768,0.972625
110,16.6666666666667,2.33333333333333,0.0112727272727273,0.284963269289532,0.988727272727273
140,16.6666666666667,2.33333333333333,0.00421428571428571,0.323585724213371,0.995785714285714
170,16.6666666666667,2.33333333333333,0.00152941176470588,0.363253603582965,0.998470588235294
200,16.6666666666667,2.33333333333333,0.0007,0.404963366041061,0.9993
230,16.6666666666667,2.33333333333333,8.69565217391304e-05,0.452738455241303,0.999913043478261
260,16.6666666666667,2.33333333333333,0,0.514128707122433,1
290,16.6666666666667,2.33333333333333,0,0.561155680935738,1
300,16.6666666666667,2.33333333333333,0,0.591828019855658,1
50,18.8888888888889,2.33333333333333,0.115,0.218712701086755,0.885
80,18.8888888888889,2.33333333333333,0.0135,0.283590051359026,0.9865
110,18.8888888888889,2.33333333333333,0.00363636363636364,0.316929555809717,0.996363636363637
140,18.8888888888889,2.33333333333333,0.00135714285714286,0.347463956889145,0.998642857142857
170,18.8888888888889,2.33333333333333,0,0.389900435043576,1
200,18.8888888888889,2.33333333333333,0,0.435094116928944,1
230,18.8888888888889,2.33333333333333,0,0.484793915263089,1
260,18.8888888888889,2.33333333333333,0,0.534499398832662,1
290,18.8888888888889,2.33333333333333,0,0.585799589102027,1
300,18.8888888888889,2.33333333333333,0,0.598683558915729,1
50,21.1111111111111,2.33333333333333,0.0862,0.245028456231991,0.9138
80,21.1111111111111,2.33333333333333,0.005625,0.31168699930798,0.994375
110,21.1111111111111,2.33333333333333,0.00218181818181818,0.346295840080832,0.997818181818182
140,21.1111111111111,2.33333333333333,0.000571428571428571,0.37590156250274,0.999428571428572
170,21.1111111111111,2.33333333333333,0.000117647058823529,0.411539100204194,0.999882352941176
200,21.1111111111111,2.33333333333333,5e-05,0.459044696923931,0.99995
230,21.1111111111111,2.33333333333333,0,0.494507189946356,1
260,21.1111111111111,2.33333333333333,0,0.549592470750195,1
290,21.1111111111111,2.33333333333333,0,0.595406843638443,1
300,21.1111111111111,2.33333333333333,0,0.607063196889388,1
50,23.3333333333333,2.33333333333333,0.0474,0.290074349392711,0.9526
80,23.3333333333333,2.33333333333333,0.004125,0.341189218112999,0.995875
110,23.3333333333333,2.33333333333333,0.000727272727272727,0.371039416115287,0.999272727272727
140,23.3333333333333,2.33333333333333,0.000214285714285714,0.399468939110212,0.999785714285714
170,23.3333333333333,2.33333333333333,0,0.436500503091055,1
200,23.3333333333333,2.33333333333333,0,0.478389940548576,1
230,23.3333333333333,2.33333333333333,0,0.52087030156618,1
260,23.3333333333333,2.33333333333333,0,0.562274746490992,1
290,23.3333333333333,2.33333333333333,0,0.606168693544706,1
300,23.3333333333333,2.33333333333333,0,0.6281409622497,1
50,25.5555555555556,2.33333333333333,0.0138,0.30043947171401,0.9862
80,25.5555555555556,2.33333333333333,0.011875,0.354537519281665,0.988125
110,25.5555555555556,2.33333333333333,9.09090909090909e-05,0.39243943189123,0.999909090909091
140,25.5555555555556,2.33333333333333,0,0.428155012721842,1
170,25.5555555555556,2.33333333333333,0,0.456154428263098,1
200,25.5555555555556,2.33333333333333,0,0.493494327576886,1
230,25.5555555555556,2.33333333333333,0,0.530732405088186,1
260,25.5555555555556,2.33333333333333,0,0.576199043128507,1
290,25.5555555555556,2.33333333333333,0,0.621705237041486,1
300,25.5555555555556,2.33333333333333,0,0.634791448813527,1
50,27.7777777777778,2.33333333333333,0.008,0.320605520536069,0.992
80,27.7777777777778,2.33333333333333,0.0015,0.378619293201478,0.9985
110,27.7777777777778,2.33333333333333,0,0.412638722206415,1
140,27.7777777777778,2.33333333333333,0,0.436833438555119,1
170,27.7777777777778,2.33333333333333,0,0.473240972153109,1
200,27.7777777777778,2.33333333333333,0,0.507657736003905,1
230,27.7777777777778,2.33333333333333,0,0.544302432208585,1
260,27.7777777777778,2.33333333333333,0,0.581913964110419,1
290,27.7777777777778,2.33333333333333,0,0.625179143414688,1
300,27.7777777777778,2.33333333333333,0,0.640398267519257,1
50,30,2.33333333333333,0.0292,0.33902551609921,0.9708
80,30,2.33333333333333,0.000125,0.39852955193297,0.999875
110,30,2.33333333333333,0,0.429464335070009,1
140,30,2.33333333333333,7.14285714285714e-05,0.455924293249998,0.999928571428571
170,30,2.33333333333333,0,0.485920757083159,1
200,30,2.33333333333333,0,0.522019142723107,1
230,30,2.33333333333333,0,0.556956356107147,1
260,30,2.33333333333333,0,0.594052737935962,1
290,30,2.33333333333333,0,0.635286679922619,1
300,30,2.33333333333333,0,0.646338250258174,1
50,10,2.44444444444444,0.603,0.0785115105545281,0.397
80,10,2.44444444444444,0.237875,0.127336665148116,0.762125
110,10,2.44444444444444,0.138,0.164665401370738,0.862
140,10,2.44444444444444,0.0515,0.217195932106152,0.9485
170,10,2.44444444444444,0.0193529411764706,0.276524796296475,0.980647058823529
200,10,2.44444444444444,0.00515,0.333017089819978,0.99485
230,10,2.44444444444444,0.00130434782608696,0.401648748573084,0.998695652173913
260,10,2.44444444444444,0.000423076923076923,0.467759358675182,0.999576923076923
290,10,2.44444444444444,3.44827586206897e-05,0.531105596055283,0.999965517241379
300,10,2.44444444444444,3.33333333333333e-05,0.564812781273549,0.999966666666667
50,12.2222222222222,2.44444444444444,0.4088,0.11424992329735,0.5912
80,12.2222222222222,2.44444444444444,0.13,0.171587477234381,0.87
110,12.2222222222222,2.44444444444444,0.0432727272727273,0.219108008436528,0.956727272727273
140,12.2222222222222,2.44444444444444,0.017,0.264439539170257,0.983
170,12.2222222222222,2.44444444444444,0.00594117647058824,0.314435377253936,0.994058823529412
200,12.2222222222222,2.44444444444444,0.0012,0.373737483513555,0.9988
230,12.2222222222222,2.44444444444444,0.000391304347826087,0.441072786425389,0.999608695652174
260,12.2222222222222,2.44444444444444,7.69230769230769e-05,0.497862124147779,0.999923076923077
290,12.2222222222222,2.44444444444444,0,0.566717444098748,1
300,12.2222222222222,2.44444444444444,3.33333333333333e-05,0.586068865871937,0.999966666666667
50,14.4444444444444,2.44444444444444,0.1996,0.164086776418678,0.8004
80,14.4444444444444,2.44444444444444,0.083625,0.210183825829174,0.916375
110,14.4444444444444,2.44444444444444,0.0217272727272727,0.257837064133723,0.978272727272727
140,14.4444444444444,2.44444444444444,0.00771428571428572,0.307035919734212,0.992285714285714
170,14.4444444444444,2.44444444444444,0.00152941176470588,0.356756288785275,0.998470588235294
200,14.4444444444444,2.44444444444444,0.00025,0.405349387806623,0.99975
230,14.4444444444444,2.44444444444444,8.69565217391304e-05,0.46784268246871,0.999913043478261
260,14.4444444444444,2.44444444444444,0,0.534392296413435,1
290,14.4444444444444,2.44444444444444,0,0.588397585383161,1
300,14.4444444444444,2.44444444444444,0,0.598565630450764,1
50,16.6666666666667,2.44444444444444,0.1464,0.191082269091589,0.8536
80,16.6666666666667,2.44444444444444,0.044375,0.256576057345081,0.955625
110,16.6666666666667,2.44444444444444,0.00763636363636364,0.295635947449335,0.992363636363636
140,16.6666666666667,2.44444444444444,0.0118571428571429,0.334925034599911,0.988142857142857
170,16.6666666666667,2.44444444444444,0.000411764705882353,0.389724722234331,0.999588235294118
200,16.6666666666667,2.44444444444444,5e-05,0.441222727706897,0.99995
230,16.6666666666667,2.44444444444444,8.69565217391304e-05,0.492410996238102,0.999913043478261
260,16.6666666666667,2.44444444444444,0,0.549377255507645,1
290,16.6666666666667,2.44444444444444,0,0.608778597606423,1
300,16.6666666666667,2.44444444444444,0,0.622911523490292,1
50,18.8888888888889,2.44444444444444,0.078,0.232423394263347,0.922
80,18.8888888888889,2.44444444444444,0.014625,0.286760052891536,0.985375
110,18.8888888888889,2.44444444444444,0.00381818181818182,0.330395255643539,0.996181818181818
140,18.8888888888889,2.44444444444444,0.001,0.369509846013599,0.999
170,18.8888888888889,2.44444444444444,0.000470588235294118,0.413839614847892,0.999529411764706
200,18.8888888888889,2.44444444444444,0,0.462529480108185,1
230,18.8888888888889,2.44444444444444,0,0.507008136884818,1
260,18.8888888888889,2.44444444444444,0,0.558890459139921,1
290,18.8888888888889,2.44444444444444,0,0.620199820671139,1
300,18.8888888888889,2.44444444444444,0,0.635364462738998,1
50,21.1111111111111,2.44444444444444,0.0538,0.266301008277643,0.9462
80,21.1111111111111,2.44444444444444,0.006,0.324834020673242,0.994
110,21.1111111111111,2.44444444444444,0.00127272727272727,0.357849883442424,0.998727272727273
140,21.1111111111111,2.44444444444444,0.0005,0.398455468132033,0.9995
170,21.1111111111111,2.44444444444444,5.88235294117647e-05,0.440100013887293,0.999941176470588
200,21.1111111111111,2.44444444444444,0,0.477922198778796,1
230,21.1111111111111,2.44444444444444,0,0.525419323116994,1
260,21.1111111111111,2.44444444444444,0,0.586111728650701,1
290,21.1111111111111,2.44444444444444,0,0.631364295125146,1
300,21.1111111111111,2.44444444444444,0,0.650605644604737,1
50,23.3333333333333,2.44444444444444,0.0488,0.288075246297931,0.9512
80,23.3333333333333,2.44444444444444,0.0025,0.341157171949404,0.9975
110,23.3333333333333,2.44444444444444,0.000909090909090909,0.38292650184898,0.999090909090909
140,23.3333333333333,2.44444444444444,0.000142857142857143,0.422446801806444,0.999857142857143
170,23.3333333333333,2.44444444444444,0,0.454572680941787,1
200,23.3333333333333,2.44444444444444,0,0.496664269335372,1
230,23.3333333333333,2.44444444444444,0,0.550691015985958,1
260,23.3333333333333,2.44444444444444,0,0.596700405084572,1
290,23.3333333333333,2.44444444444444,0,0.642712919433368,1
300,23.3333333333333,2.44444444444444,0,0.648503607681418,1
50,25.5555555555556,2.44444444444444,0.0414,0.307154672702788,0.9586
80,25.5555555555556,2.44444444444444,0.00175,0.370220056067434,0.99825
110,25.5555555555556,2.44444444444444,0.000181818181818182,0.406519258089695,0.999818181818182
140,25.5555555555556,2.44444444444444,0,0.438581540605352,1
170,25.5555555555556,2.44444444444444,0,0.47692561966501,1
200,25.5555555555556,2.44444444444444,0,0.513479002859587,1
230,25.5555555555556,2.44444444444444,0,0.556609645575511,1
260,25.5555555555556,2.44444444444444,0,0.6017801399617,1
290,25.5555555555556,2.44444444444444,0,0.648139069502934,1
300,25.5555555555556,2.44444444444444,0,0.658460771374271,1
50,27.7777777777778,2.44444444444444,0.007,0.329610540636752,0.993
80,27.7777777777778,2.44444444444444,0.00025,0.38448683927891,0.99975
110,27.7777777777778,2.44444444444444,0.000181818181818182,0.423566062854186,0.999818181818182
140,27.7777777777778,2.44444444444444,0,0.457578043176867,1
170,27.7777777777778,2.44444444444444,0,0.491825339505431,1
200,27.7777777777778,2.44444444444444,0,0.525061892472707,1
230,27.7777777777778,2.44444444444444,0,0.573660971009355,1
260,27.7777777777778,2.44444444444444,0,0.613665535915785,1
290,27.7777777777778,2.44444444444444,0,0.659905446393759,1
300,27.7777777777778,2.44444444444444,0,0.667758584311961,1
50,30,2.44444444444444,0.0062,0.344979087775936,0.9938
80,30,2.44444444444444,0.00075,0.405319415483529,0.99925
110,30,2.44444444444444,0,0.44499909766972,1
140,30,2.44444444444444,0,0.468211362970691,1
170,30,2.44444444444444,0,0.50027808759967,1
200,30,2.44444444444444,0,0.541097523749105,1
230,30,2.44444444444444,0,0.572763013154051,1
260,30,2.44444444444444,0,0.620935312611952,1
290,30,2.44444444444444,0,0.664905534103399,1
300,30,2.44444444444444,0,0.672346421732896,1
50,10,2.55555555555556,0.5674,0.0879450647535767,0.4326
80,10,2.55555555555556,0.250125,0.128033900907055,0.749875
110,10,2.55555555555556,0.109818181818182,0.173499490856202,0.890181818181818
140,10,2.55555555555556,0.0381428571428571,0.236657643490534,0.961857142857143
170,10,2.55555555555556,0.0117058823529412,0.292445155902506,0.988294117647059
200,10,2.55555555555556,0.00445,0.363673605301349,0.99555
230,10,2.55555555555556,0.000652173913043478,0.438957059407946,0.999347826086957
260,10,2.55555555555556,7.69230769230769e-05,0.516392742966899,0.999923076923077
290,10,2.55555555555556,0,0.589709541160999,1
300,10,2.55555555555556,0,0.610992611035275,1
50,12.2222222222222,2.55555555555556,0.3968,0.114974969469331,0.6032
80,12.2222222222222,2.55555555555556,0.123125,0.181320970869331,0.876875
110,12.2222222222222,2.55555555555556,0.0418181818181818,0.225132933169687,0.958181818181818
140,12.2222222222222,2.55555555555556,0.0138571428571429,0.281330517616672,0.986142857142857
170,12.2222222222222,2.55555555555556,0.00464705882352941,0.343240234657835,0.995352941176471
200,12.2222222222222,2.55555555555556,0.0009,0.398854507646499,0.9991
230,12.2222222222222,2.55555555555556,0.000130434782608696,0.472241907186371,0.999869565217391
260,12.2222222222222,2.55555555555556,0,0.551136523771981,1
290,12.2222222222222,2.55555555555556,0,0.600972077490542,1
300,12.2222222222222,2.55555555555556,0,0.631993011190799,1
50,14.4444444444444,2.55555555555556,0.1828,0.17433293596794,0.8172
80,14.4444444444444,2.55555555555556,0.048125,0.22886966686788,0.951875
110,14.4444444444444,2.55555555555556,0.0137272727272727,0.279264098716377,0.986272727272727
140,14.4444444444444,2.55555555555556,0.00592857142857143,0.311840194741527,0.994071428571429
170,14.4444444444444,2.55555555555556,0.001,0.377849353140669,0.999
200,14.4444444444444,2.55555555555556,0.0001,0.43263265546479,0.9999
230,14.4444444444444,2.55555555555556,8.69565217391304e-05,0.501192830544786,0.999913043478261
260,14.4444444444444,2.55555555555556,3.84615384615385e-05,0.563032258703084,0.999961538461538
290,14.4444444444444,2.55555555555556,0,0.630599725265499,1
300,14.4444444444444,2.55555555555556,0,0.652396370126225,1
50,16.6666666666667,2.55555555555556,0.1208,0.212170635656218,0.8792
80,16.6666666666667,2.55555555555556,0.02225,0.268399619197387,0.97775
110,16.6666666666667,2.55555555555556,0.00590909090909091,0.310000778220907,0.994090909090909
140,16.6666666666667,2.55555555555556,0.00164285714285714,0.358461172664111,0.998357142857143
170,16.6666666666667,2.55555555555556,0.000294117647058824,0.406708475250741,0.999705882352941
200,16.6666666666667,2.55555555555556,0,0.469741758221549,1
230,16.6666666666667,2.55555555555556,0,0.530083036706905,1
260,16.6666666666667,2.55555555555556,0,0.588545409043716,1
290,16.6666666666667,2.55555555555556,0,0.637057225738891,1
300,16.6666666666667,2.55555555555556,0,0.654913243537765,1
50,18.8888888888889,2.55555555555556,0.0786,0.238506086525257,0.9214
80,18.8888888888889,2.55555555555556,0.009125,0.300260946230424,0.990875
110,18.8888888888889,2.55555555555556,0.00236363636363636,0.339912605766462,0.997636363636364
140,18.8888888888889,2.55555555555556,0.000642857142857143,0.382175643559179,0.999357142857143
170,18.8888888888889,2.55555555555556,5.88235294117647e-05,0.430771787575263,0.999941176470588
200,18.8888888888889,2.55555555555556,0,0.481951982612141,1
230,18.8888888888889,2.55555555555556,0,0.535624032644679,1
260,18.8888888888889,2.55555555555556,0,0.598600430242992,1
290,18.8888888888889,2.55555555555556,0,0.64999360431326,1
300,18.8888888888889,2.55555555555556,0,0.668268706247737,1
50,21.1111111111111,2.55555555555556,0.028,0.274015748232231,0.972
80,21.1111111111111,2.55555555555556,0.00375,0.327455663848437,0.99625
110,21.1111111111111,2.55555555555556,0.00136363636363636,0.375426020717389,0.998636363636364
140,21.1111111111111,2.55555555555556,0.000285714285714286,0.411112374411674,0.999714285714286
170,21.1111111111111,2.55555555555556,0,0.452087594772406,1
200,21.1111111111111,2.55555555555556,0,0.508145696021696,1
230,21.1111111111111,2.55555555555556,0,0.557145359630451,1
260,21.1111111111111,2.55555555555556,0,0.610324904863401,1
290,21.1111111111111,2.55555555555556,0,0.657621206048898,1
300,21.1111111111111,2.55555555555556,0,0.678393785448839,1
50,23.3333333333333,2.55555555555556,0.0524,0.296828222655385,0.9476
80,23.3333333333333,2.55555555555556,0.003,0.353109805681286,0.997
110,23.3333333333333,2.55555555555556,0.000454545454545455,0.396148360733685,0.999545454545455
140,23.3333333333333,2.55555555555556,0,0.432882158789527,1
170,23.3333333333333,2.55555555555556,0,0.481021569226378,1
200,23.3333333333333,2.55555555555556,0,0.519338358697098,1
230,23.3333333333333,2.55555555555556,0,0.569505716644781,1
260,23.3333333333333,2.55555555555556,0,0.628940790486214,1
290,23.3333333333333,2.55555555555556,0,0.672333842877673,1
300,23.3333333333333,2.55555555555556,0,0.683503134402912,1
50,25.5555555555556,2.55555555555556,0.0214,0.318321642220091,0.9786
80,25.5555555555556,2.55555555555556,0.010875,0.379872702678841,0.989125
110,25.5555555555556,2.55555555555556,9.09090909090909e-05,0.414812766637726,0.999909090909091
140,25.5555555555556,2.55555555555556,0,0.452509856492784,1
170,25.5555555555556,2.55555555555556,0,0.489090360051539,1
200,25.5555555555556,2.55555555555556,0,0.539989776750332,1
230,25.5555555555556,2.55555555555556,0,0.587741155282648,1
260,25.5555555555556,2.55555555555556,0,0.632970934437696,1
290,25.5555555555556,2.55555555555556,0,0.679663891210956,1
300,25.5555555555556,2.55555555555556,0,0.69036783731931,1
50,27.7777777777778,2.55555555555556,0.0166,0.340147972296619,0.9834
80,27.7777777777778,2.55555555555556,0.000625,0.402838644087777,0.999375
110,27.7777777777778,2.55555555555556,0.000181818181818182,0.4350936452096,0.999818181818182
140,27.7777777777778,2.55555555555556,0,0.468210853701951,1
170,27.7777777777778,2.55555555555556,0,0.503670954193587,1
200,27.7777777777778,2.55555555555556,0,0.547470023745195,1
230,27.7777777777778,2.55555555555556,0,0.595678580603755,1
260,27.7777777777778,2.55555555555556,0,0.634625488651835,1
290,27.7777777777778,2.55555555555556,0,0.683223945868233,1
300,27.7777777777778,2.55555555555556,0,0.695706012661412,1
50,30,2.55555555555556,0.023,0.352167184023172,0.977
80,30,2.55555555555556,0.000125,0.419954111265793,0.999875
110,30,2.55555555555556,0,0.450814146761829,1
140,30,2.55555555555556,0,0.482359668012771,1
170,30,2.55555555555556,0,0.520424618716889,1
200,30,2.55555555555556,0,0.560065955492259,1
230,30,2.55555555555556,0,0.6085839543075,1
260,30,2.55555555555556,0,0.642809754844308,1
290,30,2.55555555555556,0,0.686748091042955,1
300,30,2.55555555555556,0,0.698886402888061,1
50,10,2.66666666666667,0.523,0.0923932327324433,0.477
80,10,2.66666666666667,0.192375,0.140742419305475,0.807625
110,10,2.66666666666667,0.0892727272727273,0.193577920396537,0.910727272727273
140,10,2.66666666666667,0.0295,0.263377188544174,0.9705
170,10,2.66666666666667,0.00788235294117647,0.329022203478711,0.992117647058823
200,10,2.66666666666667,0.00085,0.404822600102314,0.99915
230,10,2.66666666666667,0.000434782608695652,0.468353815096761,0.999565217391304
260,10,2.66666666666667,3.84615384615385e-05,0.559884820966136,0.999961538461538
290,10,2.66666666666667,0,0.622278831943626,1
300,10,2.66666666666667,0,0.661213093753935,1
50,12.2222222222222,2.66666666666667,0.2978,0.132334247357672,0.7022
80,12.2222222222222,2.66666666666667,0.113375,0.192672989993441,0.886625
110,12.2222222222222,2.66666666666667,0.0310909090909091,0.252837161568356,0.968909090909091
140,12.2222222222222,2.66666666666667,0.0115714285714286,0.299872914126392,0.988428571428571
170,12.2222222222222,2.66666666666667,0.00347058823529412,0.363488009670712,0.996529411764706
200,12.2222222222222,2.66666666666667,0.0005,0.431368465714803,0.9995
230,12.2222222222222,2.66666666666667,8.69565217391304e-05,0.506546051381371,0.999913043478261
260,12.2222222222222,2.66666666666667,3.84615384615385e-05,0.584585790919118,0.999961538461538
290,12.2222222222222,2.66666666666667,0,0.656309015157672,1
300,12.2222222222222,2.66666666666667,0,0.67633860579943,1
50,14.4444444444444,2.66666666666667,0.1752,0.176596218472968,0.8248
80,14.4444444444444,2.66666666666667,0.046,0.235183593074962,0.954
110,14.4444444444444,2.66666666666667,0.0116363636363636,0.283999057977627,0.988363636363636
140,14.4444444444444,2.66666666666667,0.00471428571428572,0.337026293339517,0.995285714285715
170,14.4444444444444,2.66666666666667,0.000941176470588235,0.396546990236783,0.999058823529412
200,14.4444444444444,2.66666666666667,0.00015,0.464297345911406,0.99985
230,14.4444444444444,2.66666666666667,0,0.534985807053548,1
260,14.4444444444444,2.66666666666667,0,0.603135646817513,1
290,14.4444444444444,2.66666666666667,0,0.675728827104486,1
300,14.4444444444444,2.66666666666667,0,0.682409723878141,1
50,16.6666666666667,2.66666666666667,0.1302,0.209202477039427,0.8698
80,16.6666666666667,2.66666666666667,0.01725,0.27428438604984,0.98275
110,16.6666666666667,2.66666666666667,0.00509090909090909,0.324225840119456,0.994909090909091
140,16.6666666666667,2.66666666666667,0.0015,0.380207584696937,0.9985
170,16.6666666666667,2.66666666666667,0.000117647058823529,0.43172514144274,0.999882352941177
200,16.6666666666667,2.66666666666667,0,0.492429160284143,1
230,16.6666666666667,2.66666666666667,0,0.557977916235039,1
260,16.6666666666667,2.66666666666667,0,0.626145481649913,1
290,16.6666666666667,2.66666666666667,0,0.667819111321251,1
300,16.6666666666667,2.66666666666667,0,0.691381354271095,1
50,18.8888888888889,2.66666666666667,0.072,0.250709519130689,0.928
80,18.8888888888889,2.66666666666667,0.005875,0.320185095649844,0.994125
110,18.8888888888889,2.66666666666667,0.00145454545454545,0.356146246720917,0.998545454545455
140,18.8888888888889,2.66666666666667,0.000428571428571429,0.400474390182105,0.999571428571429
170,18.8888888888889,2.66666666666667,0,0.454316790398175,1
200,18.8888888888889,2.66666666666667,0,0.5138788617012,1
230,18.8888888888889,2.66666666666667,0,0.575785154266294,1
260,18.8888888888889,2.66666666666667,0,0.628586820141162,1
290,18.8888888888889,2.66666666666667,0,0.681361182897346,1
300,18.8888888888889,2.66666666666667,0,0.705996576537666,1
50,21.1111111111111,2.66666666666667,0.0422,0.290389369602995,0.9578
80,21.1111111111111,2.66666666666667,0.004375,0.339483329322238,0.995625
110,21.1111111111111,2.66666666666667,0.000363636363636364,0.378648224177227,0.999636363636364
140,21.1111111111111,2.66666666666667,0.000285714285714286,0.43438355816516,0.999714285714286
170,21.1111111111111,2.66666666666667,0,0.478101151885416,1
200,21.1111111111111,2.66666666666667,0,0.536695033564815,1
230,21.1111111111111,2.66666666666667,0,0.586475008252531,1
260,21.1111111111111,2.66666666666667,0,0.642485119769603,1
290,21.1111111111111,2.66666666666667,0,0.692261328940776,1
300,21.1111111111111,2.66666666666667,0,0.707327577528756,1
50,23.3333333333333,2.66666666666667,0.0114,0.30852922707146,0.9886
80,23.3333333333333,2.66666666666667,0.001125,0.367687391199072,0.998875
110,23.3333333333333,2.66666666666667,9.09090909090909e-05,0.403507391271849,0.999909090909091
140,23.3333333333333,2.66666666666667,0,0.44750565045282,1
170,23.3333333333333,2.66666666666667,0,0.494673746967741,1
200,23.3333333333333,2.66666666666667,0,0.549291738173589,1
230,23.3333333333333,2.66666666666667,0,0.603095571375243,1
260,23.3333333333333,2.66666666666667,0,0.652518529018459,1
290,23.3333333333333,2.66666666666667,0,0.702760148635267,1
300,23.3333333333333,2.66666666666667,0,0.714226149607011,1
50,25.5555555555556,2.66666666666667,0.0172,0.328764293050797,0.9828
80,25.5555555555556,2.66666666666667,0.000375,0.380003631280723,0.999625
110,25.5555555555556,2.66666666666667,0,0.426646874842679,1
140,25.5555555555556,2.66666666666667,0,0.468417537270305,1
170,25.5555555555556,2.66666666666667,0,0.514972449404828,1
200,25.5555555555556,2.66666666666667,0,0.555409050254106,1
230,25.5555555555556,2.66666666666667,0,0.614327065583664,1
260,25.5555555555556,2.66666666666667,0,0.660068038767259,1
290,25.5555555555556,2.66666666666667,0,0.701663153804285,1
300,25.5555555555556,2.66666666666667,0,0.71400330001421,1
50,27.7777777777778,2.66666666666667,0.015,0.343174051786218,0.985
80,27.7777777777778,2.66666666666667,0.000375,0.407891609795498,0.999625
110,27.7777777777778,2.66666666666667,9.09090909090909e-05,0.449810054322764,0.999909090909091
140,27.7777777777778,2.66666666666667,0,0.485209128511294,1
170,27.7777777777778,2.66666666666667,0,0.522395779000973,1
200,27.7777777777778,2.66666666666667,0,0.57225468102048,1
230,27.7777777777778,2.66666666666667,0,0.620785307732057,1
260,27.7777777777778,2.66666666666667,0,0.663354022674949,1
290,27.7777777777778,2.66666666666667,0,0.706800169217236,1
300,27.7777777777778,2.66666666666667,0,0.71620480382902,1
50,30,2.66666666666667,0.0038,0.373101240002146,0.9962
80,30,2.66666666666667,0.00025,0.42817269721551,0.99975
110,30,2.66666666666667,0,0.461128787091007,1
140,30,2.66666666666667,0,0.503606193186256,1
170,30,2.66666666666667,0,0.53749144130666,1
200,30,2.66666666666667,0,0.587407965905503,1
230,30,2.66666666666667,0,0.630221274706632,1
260,30,2.66666666666667,0,0.669916290548053,1
290,30,2.66666666666667,0,0.707991515156852,1
300,30,2.66666666666667,0,0.717234292843003,1
50,10,2.77777777777778,0.4708,0.0973854638331673,0.5292
80,10,2.77777777777778,0.17325,0.153762023926569,0.82675
110,10,2.77777777777778,0.0664545454545454,0.206215916863344,0.933545454545454
140,10,2.77777777777778,0.0178571428571429,0.285435400824303,0.982142857142857
170,10,2.77777777777778,0.0162352941176471,0.348689593825547,0.983764705882353
200,10,2.77777777777778,0.00075,0.433068793198099,0.99925
230,10,2.77777777777778,8.69565217391304e-05,0.512482004718669,0.999913043478261
260,10,2.77777777777778,3.84615384615385e-05,0.613475477877618,0.999961538461538
290,10,2.77777777777778,0,0.688027008513948,1
300,10,2.77777777777778,0,0.695050900874843,1
50,12.2222222222222,2.77777777777778,0.2682,0.144436276474246,0.7318
80,12.2222222222222,2.77777777777778,0.081,0.205802595894021,0.919
110,12.2222222222222,2.77777777777778,0.0271818181818182,0.26334848164263,0.972818181818182
140,12.2222222222222,2.77777777777778,0.00621428571428571,0.322498287739768,0.993785714285714
170,12.2222222222222,2.77777777777778,0.002,0.391084180889214,0.998
200,12.2222222222222,2.77777777777778,0.00045,0.466281477871076,0.99955
230,12.2222222222222,2.77777777777778,0,0.549192206024178,1
260,12.2222222222222,2.77777777777778,0,0.618385677940361,1
290,12.2222222222222,2.77777777777778,0,0.699185794514442,1
300,12.2222222222222,2.77777777777778,0,0.713678668740155,1
50,14.4444444444444,2.77777777777778,0.1394,0.188007308729867,0.8606
80,14.4444444444444,2.77777777777778,0.041,0.243049650421307,0.959
110,14.4444444444444,2.77777777777778,0.0115454545454545,0.296990883445364,0.988454545454545
140,14.4444444444444,2.77777777777778,0.00285714285714286,0.358879019774649,0.997142857142857
170,14.4444444444444,2.77777777777778,0.000235294117647059,0.427621361038768,0.999764705882353
200,14.4444444444444,2.77777777777778,0.0001,0.498388090829039,0.9999
230,14.4444444444444,2.77777777777778,0,0.571765906878846,1
260,14.4444444444444,2.77777777777778,0,0.641709851195471,1
290,14.4444444444444,2.77777777777778,0,0.706997520134948,1
300,14.4444444444444,2.77777777777778,0,0.724268327450003,1
50,16.6666666666667,2.77777777777778,0.0928,0.225132853154893,0.9072
80,16.6666666666667,2.77777777777778,0.01725,0.285749046419076,0.98275
110,16.6666666666667,2.77777777777778,0.00354545454545455,0.343119587111201,0.996454545454545
140,16.6666666666667,2.77777777777778,0.000571428571428571,0.392896436786116,0.999428571428572
170,16.6666666666667,2.77777777777778,0.000176470588235294,0.454250598112257,0.999823529411765
200,16.6666666666667,2.77777777777778,5e-05,0.514239844594413,0.99995
230,16.6666666666667,2.77777777777778,0,0.590519925599322,1
260,16.6666666666667,2.77777777777778,0,0.654590328237157,1
290,16.6666666666667,2.77777777777778,0,0.711550142025014,1
300,16.6666666666667,2.77777777777778,0,0.729961260203798,1
50,18.8888888888889,2.77777777777778,0.0576,0.255939451369676,0.9424
80,18.8888888888889,2.77777777777778,0.005875,0.315403473576788,0.994125
110,18.8888888888889,2.77777777777778,0.001,0.366159303369276,0.999
140,18.8888888888889,2.77777777777778,0.000428571428571429,0.422512970408473,0.999571428571429
170,18.8888888888889,2.77777777777778,0,0.482462975180656,1
200,18.8888888888889,2.77777777777778,0,0.54118075079511,1
230,18.8888888888889,2.77777777777778,0,0.605882337610858,1
260,18.8888888888889,2.77777777777778,0,0.661523538409084,1
290,18.8888888888889,2.77777777777778,0,0.719485280434064,1
300,18.8888888888889,2.77777777777778,0,0.726607631678081,1
50,21.1111111111111,2.77777777777778,0.0396,0.289990088570605,0.9604
80,21.1111111111111,2.77777777777778,0.00275,0.352044586101929,0.99725
110,21.1111111111111,2.77777777777778,0.000454545454545455,0.395645932808079,0.999545454545455
140,21.1111111111111,2.77777777777778,0.000142857142857143,0.441141058221777,0.999857142857143
170,21.1111111111111,2.77777777777778,0,0.501041919910496,1
200,21.1111111111111,2.77777777777778,0,0.547936680556537,1
230,21.1111111111111,2.77777777777778,0,0.619648112037129,1
260,21.1111111111111,2.77777777777778,0,0.676767783201708,1
290,21.1111111111111,2.77777777777778,0,0.715039849945237,1
300,21.1111111111111,2.77777777777778,0,0.733535792841077,1
50,23.3333333333333,2.77777777777778,0.0234,0.325312343811323,0.9766
80,23.3333333333333,2.77777777777778,0.001375,0.365622505838973,0.998625
110,23.3333333333333,2.77777777777778,9.09090909090909e-05,0.417020642345095,0.999909090909091
140,23.3333333333333,2.77777777777778,0,0.464146351174973,1
170,23.3333333333333,2.77777777777778,0,0.512804591351493,1
200,23.3333333333333,2.77777777777778,0,0.5683695203597,1
230,23.3333333333333,2.77777777777778,0,0.621811912581341,1
260,23.3333333333333,2.77777777777778,0,0.678400108252207,1
290,23.3333333333333,2.77777777777778,0,0.718337097859045,1
300,23.3333333333333,2.77777777777778,0,0.728393550306214,1
50,25.5555555555556,2.77777777777778,0.0044,0.340062082071132,0.9956
80,25.5555555555556,2.77777777777778,0.00075,0.401655540170773,0.99925
110,25.5555555555556,2.77777777777778,0.000181818181818182,0.440411252779253,0.999818181818182
140,25.5555555555556,2.77777777777778,0,0.487227290855452,1
170,25.5555555555556,2.77777777777778,0,0.535896514377788,1
200,25.5555555555556,2.77777777777778,0,0.58591431997539,1
230,25.5555555555556,2.77777777777778,0,0.639514217258312,1
260,25.5555555555556,2.77777777777778,0,0.687400875552892,1
290,25.5555555555556,2.77777777777778,0,0.729168944250856,1
300,25.5555555555556,2.77777777777778,0,0.737681499354408,1
50,27.7777777777778,2.77777777777778,0.013,0.361099731997268,0.987
80,27.7777777777778,2.77777777777778,0,0.41643618536931,1
110,27.7777777777778,2.77777777777778,0,0.451237726078959,1
140,27.7777777777778,2.77777777777778,0,0.500009741094221,1
170,27.7777777777778,2.77777777777778,0,0.544435138932718,1
200,27.7777777777778,2.77777777777778,0,0.594988602542126,1
230,27.7777777777778,2.77777777777778,0,0.651066127773855,1
260,27.7777777777778,2.77777777777778,0,0.693144721350758,1
290,27.7777777777778,2.77777777777778,0,0.727545374453844,1
300,27.7777777777778,2.77777777777778,0,0.735852514175392,1
50,30,2.77777777777778,0.0024,0.373972923704253,0.9976
80,30,2.77777777777778,0.000125,0.429858189858894,0.999875
110,30,2.77777777777778,0,0.473861682488887,1
140,30,2.77777777777778,0,0.515658762711923,1
170,30,2.77777777777778,0,0.551812050123806,1
200,30,2.77777777777778,0,0.606062408889683,1
230,30,2.77777777777778,0,0.647618539304634,1
260,30,2.77777777777778,0,0.697003130497824,1
290,30,2.77777777777778,0,0.732572995505683,1
300,30,2.77777777777778,0,0.741145421957099,1
50,10,2.88888888888889,0.4446,0.10727009149516,0.5554
80,10,2.88888888888889,0.16525,0.167271043864025,0.83475
110,10,2.88888888888889,0.0547272727272727,0.233235398980956,0.945272727272727
140,10,2.88888888888889,0.0167142857142857,0.298708394687854,0.983285714285714
170,10,2.88888888888889,0.00358823529411765,0.384311889206893,0.996411764705882
200,10,2.88888888888889,0.00055,0.465732933814537,0.99945
230,10,2.88888888888889,8.69565217391304e-05,0.56656952821433,0.999913043478261
260,10,2.88888888888889,0,0.65615273765837,1
290,10,2.88888888888889,0,0.715539351828422,1
300,10,2.88888888888889,0,0.730305457878015,1
50,12.2222222222222,2.88888888888889,0.2846,0.144664321942076,0.7154
80,12.2222222222222,2.88888888888889,0.082,0.210345888584865,0.918
110,12.2222222222222,2.88888888888889,0.0314545454545455,0.272388980203957,0.968545454545454
140,12.2222222222222,2.88888888888889,0.00521428571428572,0.345983647010325,0.994785714285714
170,12.2222222222222,2.88888888888889,0.000764705882352941,0.422662512205688,0.999235294117647
200,12.2222222222222,2.88888888888889,0.00015,0.508414620179532,0.99985
230,12.2222222222222,2.88888888888889,0,0.582421211660509,1
260,12.2222222222222,2.88888888888889,0,0.676924967249855,1
290,12.2222222222222,2.88888888888889,0,0.726480529538469,1
300,12.2222222222222,2.88888888888889,0,0.727513190150025,1
50,14.4444444444444,2.88888888888889,0.1294,0.190130053274464,0.8706
80,14.4444444444444,2.88888888888889,0.033,0.257076010408581,0.967
110,14.4444444444444,2.88888888888889,0.00718181818181818,0.321295290244604,0.992818181818182
140,14.4444444444444,2.88888888888889,0.002,0.377667081820269,0.998
170,14.4444444444444,2.88888888888889,5.88235294117647e-05,0.460132059084943,0.999941176470588
200,14.4444444444444,2.88888888888889,0,0.529405802086792,1
230,14.4444444444444,2.88888888888889,4.34782608695652e-05,0.610704504231465,0.99995652173913
260,14.4444444444444,2.88888888888889,0,0.685022632003754,1
290,14.4444444444444,2.88888888888889,0,0.7307273867184,1
300,14.4444444444444,2.88888888888889,0,0.733041816333353,1
50,16.6666666666667,2.88888888888889,0.0932,0.230068688111029,0.9068
80,16.6666666666667,2.88888888888889,0.01075,0.300487594716517,0.98925
110,16.6666666666667,2.88888888888889,0.002,0.356238597067069,0.998
140,16.6666666666667,2.88888888888889,0.000642857142857143,0.414327031293697,0.999357142857143
170,16.6666666666667,2.88888888888889,5.88235294117647e-05,0.48206610460575,0.999941176470588
200,16.6666666666667,2.88888888888889,0,0.553927355217868,1
230,16.6666666666667,2.88888888888889,0,0.622431801374422,1
260,16.6666666666667,2.88888888888889,0,0.690938277589928,1
290,16.6666666666667,2.88888888888889,0,0.729271779215074,1
300,16.6666666666667,2.88888888888889,0,0.740517556919737,1
50,18.8888888888889,2.88888888888889,0.0266,0.267560495043549,0.9734
80,18.8888888888889,2.88888888888889,0.0045,0.332673207583691,0.9955
110,18.8888888888889,2.88888888888889,0.001,0.384197202885833,0.999
140,18.8888888888889,2.88888888888889,0,0.444087058443854,1
170,18.8888888888889,2.88888888888889,0,0.495414465127322,1
200,18.8888888888889,2.88888888888889,0,0.570476213708684,1
230,18.8888888888889,2.88888888888889,0,0.637178881657751,1
260,18.8888888888889,2.88888888888889,0,0.694945302164056,1
290,18.8888888888889,2.88888888888889,0,0.737012581109321,1
300,18.8888888888889,2.88888888888889,0,0.741696228890067,1
50,21.1111111111111,2.88888888888889,0.0128,0.311161232303249,0.9872
80,21.1111111111111,2.88888888888889,0.002875,0.357131499707276,0.997125
110,21.1111111111111,2.88888888888889,0.000545454545454545,0.416554342307564,0.999454545454545
140,21.1111111111111,2.88888888888889,0,0.467544764486055,1
170,21.1111111111111,2.88888888888889,0,0.523322349155195,1
200,21.1111111111111,2.88888888888889,0,0.588851541499018,1
230,21.1111111111111,2.88888888888889,0,0.642812289352423,1
260,21.1111111111111,2.88888888888889,0,0.702066656408394,1
290,21.1111111111111,2.88888888888889,0,0.73166633420398,1
300,21.1111111111111,2.88888888888889,0,0.741739738114586,1
50,23.3333333333333,2.88888888888889,0.0088,0.325633904946737,0.9912
80,23.3333333333333,2.88888888888889,0.001625,0.391124687880753,0.998375
110,23.3333333333333,2.88888888888889,0.000181818181818182,0.442187647633435,0.999818181818182
140,23.3333333333333,2.88888888888889,0,0.491567695122529,1
170,23.3333333333333,2.88888888888889,0,0.541771638198771,1
200,23.3333333333333,2.88888888888889,0,0.603103439830508,1
230,23.3333333333333,2.88888888888889,0,0.656914492899286,1
260,23.3333333333333,2.88888888888889,0,0.700726757830974,1
290,23.3333333333333,2.88888888888889,0,0.739393244794412,1
300,23.3333333333333,2.88888888888889,0,0.743690198834334,1
50,25.5555555555556,2.88888888888889,0.027,0.34803814009563,0.973
80,25.5555555555556,2.88888888888889,0.00075,0.408178989567516,0.99925
110,25.5555555555556,2.88888888888889,0.000181818181818182,0.454452480081335,0.999818181818182
140,25.5555555555556,2.88888888888889,0,0.500896662026492,1
170,25.5555555555556,2.88888888888889,0,0.551326786215703,1
200,25.5555555555556,2.88888888888889,0,0.608512093136132,1
230,25.5555555555556,2.88888888888889,0,0.661398215333725,1
260,25.5555555555556,2.88888888888889,0,0.713326862403723,1
290,25.5555555555556,2.88888888888889,0,0.738053383503672,1
300,25.5555555555556,2.88888888888889,0,0.745281775422965,1
50,27.7777777777778,2.88888888888889,0.003,0.370188842358645,0.997
80,27.7777777777778,2.88888888888889,0.000375,0.420000123349373,0.999625
110,27.7777777777778,2.88888888888889,0,0.465249136843151,1
140,27.7777777777778,2.88888888888889,0,0.518660828107627,1
170,27.7777777777778,2.88888888888889,0,0.556877675468404,1
200,27.7777777777778,2.88888888888889,0,0.616374795749278,1
230,27.7777777777778,2.88888888888889,0,0.66922351925163,1
260,27.7777777777778,2.88888888888889,0,0.716380745715595,1
290,27.7777777777778,2.88888888888889,0,0.738579829419423,1
300,27.7777777777778,2.88888888888889,0,0.745372693377099,1
50,30,2.88888888888889,0.0114,0.385528048319362,0.9886
80,30,2.88888888888889,0,0.447648072846128,1
110,30,2.88888888888889,0,0.483808245678041,1
140,30,2.88888888888889,0,0.531251466986496,1
170,30,2.88888888888889,0,0.576251045892986,1
200,30,2.88888888888889,0,0.627250237910107,1
230,30,2.88888888888889,0,0.679701000635682,1
260,30,2.88888888888889,0,0.719891506686061,1
290,30,2.88888888888889,0,0.741099452636528,1
300,30,2.88888888888889,0,0.745738947449403,1
50,10,3,0.4258,0.113130922400029,0.5742
80,10,3,0.123375,0.185872580047193,0.876625
110,10,3,0.0389090909090909,0.252218652059222,0.961090909090909
140,10,3,0.00921428571428571,0.33141191165649,0.990785714285714
170,10,3,0.00182352941176471,0.408620221167448,0.998176470588235
200,10,3,0.00025,0.505595166992209,0.99975
230,10,3,0,0.611988795144396,1
260,10,3,0,0.700864118367154,1
290,10,3,0,0.735546469671265,1
300,10,3,0,0.740567221946312,1
50,12.2222222222222,3,0.2114,0.157750063969738,0.7886
80,12.2222222222222,3,0.064,0.22145584092369,0.936
110,12.2222222222222,3,0.0189090909090909,0.285255754244793,0.981090909090909
140,12.2222222222222,3,0.00257142857142857,0.373917438438695,0.997428571428571
170,12.2222222222222,3,0.000411764705882353,0.459495052214489,0.999588235294118
200,12.2222222222222,3,0.00015,0.538531733350756,0.99985
230,12.2222222222222,3,0,0.62619451916692,1
260,12.2222222222222,3,0,0.703145159680816,1
290,12.2222222222222,3,0,0.735416310348341,1
300,12.2222222222222,3,0,0.739791897569306,1
50,14.4444444444444,3,0.1434,0.194051232582736,0.8566
80,14.4444444444444,3,0.037375,0.264538621482475,0.962625
110,14.4444444444444,3,0.00436363636363636,0.328262203004173,0.995636363636364
140,14.4444444444444,3,0.000785714285714286,0.407796526671765,0.999214285714286
170,14.4444444444444,3,0.000294117647058824,0.476546381409064,0.999705882352941
200,14.4444444444444,3,0,0.568725186082944,1
230,14.4444444444444,3,0,0.644357726774198,1
260,14.4444444444444,3,0,0.713620571031018,1
290,14.4444444444444,3,0,0.743845944092841,1
300,14.4444444444444,3,0,0.741947480942407,1
50,16.6666666666667,3,0.0632,0.239200606153064,0.9368
80,16.6666666666667,3,0.009875,0.30762735455106,0.990125
110,16.6666666666667,3,0.000909090909090909,0.371342501280934,0.999090909090909
140,16.6666666666667,3,0.000642857142857143,0.436183603644448,0.999357142857143
170,16.6666666666667,3,0,0.505765030588616,1
200,16.6666666666667,3,0,0.586282462609335,1
230,16.6666666666667,3,0,0.661091182209324,1
260,16.6666666666667,3,0,0.723984105456887,1
290,16.6666666666667,3,0,0.745220887498334,1
300,16.6666666666667,3,0,0.745918445292209,1
50,18.8888888888889,3,0.0528,0.278450203835471,0.9472
80,18.8888888888889,3,0.00325,0.351266577874991,0.99675
110,18.8888888888889,3,0.000727272727272727,0.397052857737898,0.999272727272727
140,18.8888888888889,3,0,0.457637116168494,1
170,18.8888888888889,3,0,0.533406709265504,1
200,18.8888888888889,3,0,0.606077951105229,1
230,18.8888888888889,3,0,0.670328400412488,1
260,18.8888888888889,3,0,0.721087642071234,1
290,18.8888888888889,3,0,0.745536022557742,1
300,18.8888888888889,3,0,0.745508838162298,1
50,21.1111111111111,3,0.036,0.306515797213376,0.964
80,21.1111111111111,3,0.002375,0.37113244455195,0.997625
110,21.1111111111111,3,0.000363636363636364,0.425970579128118,0.999636363636364
140,21.1111111111111,3,0,0.484942477660738,1
170,21.1111111111111,3,0,0.547310469912381,1
200,21.1111111111111,3,0,0.614295337367473,1
230,21.1111111111111,3,0,0.674105587925182,1
260,21.1111111111111,3,0,0.729210824577976,1
290,21.1111111111111,3,0,0.742655744576423,1
300,21.1111111111111,3,0,0.746738943539959,1
50,23.3333333333333,3,0.0158,0.336518878346923,0.9842
80,23.3333333333333,3,0.0005,0.402415493217542,0.9995
110,23.3333333333333,3,9.09090909090909e-05,0.444935286637721,0.999909090909091
140,23.3333333333333,3,0,0.500215594161751,1
170,23.3333333333333,3,0,0.561187677092383,1
200,23.3333333333333,3,0,0.622226036066734,1
230,23.3333333333333,3,0,0.689596063749445,1
260,23.3333333333333,3,0,0.728322943533348,1
290,23.3333333333333,3,0,0.745905222764736,1
300,23.3333333333333,3,0,0.747484015697787,1
50,25.5555555555556,3,0.0056,0.359195095163427,0.9944
80,25.5555555555556,3,0.00025,0.415615655124348,0.99975
110,25.5555555555556,3,9.09090909090909e-05,0.471571120739036,0.999909090909091
140,25.5555555555556,3,0,0.513011225957735,1
170,25.5555555555556,3,0,0.570142095967202,1
200,25.5555555555556,3,0,0.628224953306329,1
230,25.5555555555556,3,0,0.688153402305517,1
260,25.5555555555556,3,0,0.728552494344886,1
290,25.5555555555556,3,0,0.742067461551169,1
300,25.5555555555556,3,0,0.747586967084156,1
50,27.7777777777778,3,0.0132,0.373182667277429,0.9868
80,27.7777777777778,3,0,0.430909363462201,1
110,27.7777777777778,3,0,0.478800678900861,1
140,27.7777777777778,3,0,0.525460825380092,1
170,27.7777777777778,3,0,0.587333934440839,1
200,27.7777777777778,3,0,0.63518871077819,1
230,27.7777777777778,3,0,0.694376515104123,1
260,27.7777777777778,3,0,0.73466207959631,1
290,27.7777777777778,3,0,0.747263117129836,1
300,27.7777777777778,3,0,0.74896082297978,1
50,30,3,0.0014,0.399040418703053,0.9986
80,30,3,0.000125,0.451746954948544,0.999875
110,30,3,0,0.493657938506757,1
140,30,3,0,0.545677326992813,1
170,30,3,0,0.596742199370758,1
200,30,3,0,0.656133242897848,1
230,30,3,0,0.699459592784625,1
260,30,3,0,0.736043031939412,1
290,30,3,0,0.745189642821247,1
300,30,3,0,0.748845337082054,1
